Type,Count
Shirt,5209
T-shirt,4063
Jeans,3787
Dress,3426
Sweater,2739
Top,2712
Cardigan,2672
Pants,2578
Knitting,2076
Sweatshirt,1743
Collar shirt,1706
Skirt,1503
Shorts,1244
Long-sleeved shirt,1074
Jacket,1065
Tunic,1054
College shirt,1014
Party dress,979
Body,770
Coat,757
Quilted jacket,709
Shirt blouse,518
Straight pants,510
Beanie,504
Bra,495
Leggings,489
Knitted dress,489
College pants,465
Shirt set,442
Sport shirt,434
Wool coat,421
Polo shirt,409
Knitted shirt,403
Blazer,375
Stretch jeans,373
Summer dress,372
Mid-season jacket,363
Vest,359
Denim skirt,337
Set,324
Fleece jacket,319
Winter coat,319
Wool socks,316
Jumpsuit,312
Sports tank top,303
Party top,294
Sleeveless shirt,292
Denim jacket,272
Short sleeve shirt,271
Outdoor jacket,262
Denim shorts,250
Outdoor pants,249
Autumn / Spring jacket,245
Party shirt,234
T-shirt set,228
Capris,222
Lightweight quilted jacket,218
Bolero,210
Rompers,204
Body set,202
Leather jacket,202
Mini skirt,196
Quilted overall,196
Long-sleeved shirt blouse,195
Sleepwear,192
Clothing package,192
Pants set,191
Short sleeves collar shirt,190
Quilted pants,186
Tunic dress,184
Socks,184
Wind jacket,183
Lace shirt,180
Jacket coat,178
Summer top,178
Clothing sets,172
Stretch pants,170
Long sleeve collar shirt,168
Knitted vest,166
Padded waistcoats,165
Bikini top,163
Baseball cap,158
Nightgown,157
Long sleeve t-shirt,157
Spring jacket,149
Denim shirt,144
Maxi dress,144
Swimsuit,142
Tights,137
Scarf,137
Sleeve dress,137
Lounge pants,136
Track jacket,135
Crop top,134
Lace top,130
Party blouse,130
Hat,129
Lounge outfit,128
Fleece shirt,126
Softshell jacket,126
Long sleeve romper,123
Workout top,123
Workout shirt,123
Summer jacket,122
Capri pants,122
Swimwear,119
Inner jacket,119
Shorts outfit,118
Half skirt,117
Lace dress,117
Hoodie jacket,116
Briefs,116
Knitted tunic,116
Long shirt,115
Tight jeans,114
Autumn jacket,113
Trench coats,110
Workout pants,110
Panties,110
Velour pants,105
Faux leather jacket,104
Mid-season pants,104
Mittens,103
College hoodie,103
Knitted bolero,103
Fleece jumpsuit,101
No,101
Sleeveless top,101
Plaid shirt,101
Sports bra,101
Chiffon shirt,100
Fabric pants,100
Chino pants,100
Tracksuit,99
Cotton cardigan,99
Denim leggings,97
Denim dress,97
Sleeveless dress,96
Knitted skirt,94
Short-sleeved shirt blouse,94
Tunic shirt,93
Summer shirt,93
Rain jacket,92
Suit,91
Sports pants,90
Tricot blouse,90
Tie,89
Down jacket,88
Pajama bottoms,88
Tank top blouse,87
Helmet cap,86
Gloves,85
Bomber jacket,84
Long underwear,84
Summer pants,83
Denim vest,81
Mid-season jumpsuit,81
Summer jumper,79
Cotton shirt,78
Leotard,78
Night coverall,78
Pencil skirt,77
Poncho,77
3/4 sleeve shirt,76
Jacket suit,76
Gowns,76
Tube top,75
Cap,75
Party pants,74
Night dress,73
Little black dress,72
Wind pants,72
Top set,72
Sports capris,72
Knit jacket,71
Velvet pants,71
Flannel shirt,70
Short sleeve blouse,70
Winter hat,69
Parka coat,69
Party skirt,69
Ski jacket,68
Shoulderless dress,68
Knitted beanie,67
Socks set,66
Wraparound body,66
Fleece pants,66
Maternity jeans,65
Swimming shorts,65
Summer hat,64
Mini dress,64
Padded coverall,63
Knitted pants,63
Underwear top,63
Sports tights,62
Bikini bottom,62
Party jacket,61
Summer skirt,59
Shirt dress,59
Wool sweater,59
Fleece outfit,57
Bikini,57
Sleeveless blouse,57
Nightgown set,57
Technical shirt,57
Wraparound shirt,56
Pajamas,56
Sports shorts,56
Off the shoulder blouse,56
Jeggings,56
Cotton pants,56
Denim capris,54
Maternity pants,54
Underwear,54
Morning jacket,54
Suit jacket,53
Long sleeve knit,53
Knitted polo shirt,53
Light quilted pants,52
3/4 pants,51
Half rompers,51
Corduroy pants,51
Linen trousers,51
Knit beanie,50
Knitted hoodie,49
Breeches,49
Neck scarf,49
Formal costume,49
Dress set,48
Knit turtleneck sweater,48
Lightweight cotton jacket,48
College suit,47
Pajamas set,47
Vest dress,46
Short sleeved romper,46
Pole shirt,46
Cotton jacket,45
Long sleeve dress,45
Fleece suit,44
Knitted,44
Quilted gloves,44
Striped shirt,44
College overalls,44
Tunic blouse,43
Peplum-shirt,43
Party blazer,42
Winter beanie,42
Summer set,42
Wool knitting,42
Long dress,41
Undershirt,41
Running jacket,41
Slippers,41
Velvet jacket,41
Full dress,41
String top,40
Long skirt,40
College blazer,40
Tank top dress,40
Velour jacket,40
Sweater sets,39
Ski pants,38
College dress,38
Sleeping pouch,38
Knitted jacket,38
Belt,37
Beanie set,37
Mocha jacket,37
Summer outfit,37
Shell jacket,37
Maternity shirt,36
Long top,36
Peplum-top,36
Lace jumper,36
Vintage product,35
Fur vest,35
Shorts overalls,35
Gym pants,35
Pantsuit,35
Capri leggings,35
Blouse set,34
T-shirt dress,34
Floral dress,34
Work trousers,33
Velvet dress,33
Suit trousers,33
Sunhat,33
Evening dress,32
College jacket,32
Lightweight padded waistcoats,32
Winter jumpsuit,32
Mud pants,32
Corset,32
Laced blouse,31
Wraparound skirt,31
Short sleeve party shirt,31
Linen jacket,31
Sweater vest,30
College set,30
Cotton jumpsuit,30
Fur hat,30
Wool skirt,30
Combat trousers,30
Lace sweater,30
Viscose shirt,30
Short sleeve dress,30
Pleated skirt,30
Denim overalls,29
Sports bras,29
Wraparound dress,29
Bell shaped skirt,29
Outdoor suit,29
Costume,29
Night shorts,28
Cotton suit,28
Treggings,28
Cotton beanie,28
Fur coat,27
Apron,27
Sleep coverall,27
Overcoat,27
Ruffle shirt,27
Wool beanie,27
Linen shirt,27
Fluffy coat,27
Everyday dress,26
Tube scarf,26
College shorts,26
Pocket tunic,26
Bib and brace overalls,26
Set of hoodies,26
Sports leggings,25
Fleece sweater,25
Strapless top,25
Halter neck top,25
Knitted poncho,25
Jersey top,24
Hose set,24
Warm-up pants,24
Turtleneck shirt,24
Baby clothing set,24
Wool jumpsuit,23
Cotton dress,23
Velour dress,23
Boxers,23
Bandeau top,23
Sundress,23
Ribbed knit tank top,23
Velvet shirt,23
Mid-season outfit,22
Sleeveless shirt blouse,22
Knit cardigan,22
Warm-up jacket,22
Kimono,22
Knitted tunic dress,22
Wool dress,22
Nursing bra,22
Mini top,22
Short sleeve knit,22
Winter cap,22
Silk shirt,21
Fleece hoodie,21
Summer jumpsuit,21
Baby jumpsuit,21
Lined pants,21
Tunic top,21
Sleeveless hoodie,21
Band shirt,21
Shirt and pants,21
Maternity dress,21
Pajama pants,21
Velour outfit,21
Vests,21
Winter gloves,21
Golf shirt,21
Short-sleeve sweater,21
Sequin top,20
Body dress,20
Sports midlayer,20
Waist bolero,20
Mid-season beanie,20
Gym suit,20
Mid-season suit,20
Indoor slippers,20
Tube dress,20
Velvet skirt,20
Velvet jeans,20
Collar,20
Leather skirt,19
Pencil dress,19
Linen dress,19
Vest skirt,19
Harem pants,19
Fluffy sweater,19
Rain pants,19
Hoodie dress,19
Grip socks,19
Pilot jacket,19
Halterneck top,19
Wool mittens,18
Culottes,18
Wraparound blouse,18
Outdoor outfit,18
Cycling jersey,18
String,18
Fleece hat,18
Jersey,18
Accessories set,18
Indoor jumpsuit,18
Pajamas outfit,17
Smock,17
Tank top,17
Cotton skirt,17
Necktie set,17
Velour jumpsuit,17
Velour shirt,17
Light down jacket,17
Fleece beanie,17
Bikini set,17
Sweater set,17
Running pants,17
Tassel beanie,17
Faux leather pants,16
Golf pants,16
Linen skirt,16
Fleece vest,16
Yoga pants,16
Pair of mittens,16
Wool pants,16
Pants with suspenders,16
Fan product,16
Mid-season gloves,16
Satin dress,16
Nursing top,16
Shirt bodysuit,16
Satin shirt,16
Collar top,16
Hat set,16
Shirt jacket,15
2/3 sleeve shirt,15
Quilted cap,15
Shapewear,15
Strapless party dress,15
Vintage dress,15
Light quilted coveralls,15
Caftan,15
Reflector vest,15
Windfleece jacket,14
Skirt set,14
Wool jacket,14
Breastfeeding shirt,14
One-shoulder dress,14
Intermediate pants,14
Halter neck dress,14
Silk dress,14
Softshell-pants,14
Glitter tank top,14
Midi skirt,14
Jeans set,14
Leather pants,14
Technical ship underwear,14
Sleeveless romper,13
Knit capris,13
Midlayer,13
Cape,13
Mud gloves,13
Print shirt,13
Knitted leggings,13
Rain suit,13
Chiffon dress,13
Fluffy coveralls,13
Leather vest,13
Little dress,13
Padded Bomber-jacket,13
Velour rompers,13
Pinstripe pants,12
Underdress,12
Off the Shoulder Dress,12
Braid knitting,12
Lingerie set,12
Winter mittens,12
Biker jacket,12
Braid knitted sweaters,12
Light quilted overalls,12
Box skirt,12
Headband,12
Maxi skirt,12
Wind suit,12
Grandpa shirt,12
Toppibody,11
Corset top,11
Mid-season hat,11
Lightweight jumpsuit,11
Faux fur vest,11
Frill dress,11
Shorts capris,11
Capped beanie,11
Pajama shirt,11
Velour suit,11
Winter pants,11
Bell shaped dress,11
Shell pants,11
Dribble bib,11
Trumpet trousers,11
Epaulette tank top,11
Party body,11
Down overall,11
Autumn / Spring cap,11
Wool suit,11
Joggers,11
Open blazer,10
College vest,10
Knitted blazer,10
Sports underwear shirt,10
Ear beanie,10
T-shirt bra,10
Mocha skirt,10
Lingerie,10
Beret,10
Beach tunic,10
Wool hat,10
Baggy pants,10
Collar bodysuit,10
Sunglasses,10
Lightweight cotton suit,10
Tulle skirt,10
Short sleeve night gown,10
Sequin dress,10
Flower top,10
Tulle dress,10
Ankle socks,10
Beach outfit,10
High waist pants,10
Elf hat,10
Little jacket,10
Strapless bra,10
Cotton cap,9
Downhill ski suit,9
Brimmed hat,9
Leather belt,9
Vintage skirt,9
Riding pants,9
Lightweight cotton coverall,9
Poplin jacket,9
Swimming shirt,9
Shorts dress,9
3/4 sleevedress,9
Cargo pants,9
Silk top,9
Work shirt,9
Jumpsuit pants,9
Thermal underwear,9
Shawls,9
Boxers set,9
Off shoulder knit,9
Quilted outfit,9
Running tights,9
Merino wool jumpsuit,9
Knitted cap,9
Padded baby booties,8
Intermediate underwear,8
Down vest,8
Underskirt,8
Army jacket,8
Ribbed tank top,8
Maternity shorts,8
Running shorts,8
Autumn / Spring beanie,8
Rain capes,8
Lace tunic,8
Wedding dress,8
Winter dress,8
Lace skirt,8
Floral skirt,8
Beach tank top,8
Gymnastics leotard,8
Artificial turkey,8
Fleece robe,8
Parka,8
Plush jumpsuit,8
UV-shirt,8
Fluffy socks,8
Fake fur,8
Light quilted gloves,8
Workout clothing set,8
Maternity tank top,8
Khaki-pants,7
Ballet outfit,7
Wool blazer,7
Bag dress,7
Wool outfit,7
UV cap,7
Cotton knitted dress,7
Cold shoulder shirt,7
Headpiece,7
Shorts skirt,7
Dungaree dress,7
Maternity skirt,7
Snapback,7
Christmas dress,7
Terrain pants,7
Accessories package,7
Merino wool shirt,7
Fleece mittens,7
Braces,7
Bedspread,7
Viscose pants,7
Knit overalls,7
Fur,7
One-sleeved shirt,7
Knee socks,7
Leather gloves,6
Softshell jumpsuit,6
Onepiece-jumpsuit,6
Princess dress,6
Sailing jacket,6
Football socks,6
Ball dress,6
Light suit,6
Dance skirt,6
Maternity leggings,6
Pajama shorts,6
Shortsibody,6
Teddy overall,6
College skirt,6
Box dress,6
Coat dress,6
Accessory pack,6
Short sleeve maternity shirt,6
Autumn / Spring pants,6
Horse riding clothes,6
Mid-season mittens,6
Knitted mittens,6
Push-up bra,6
Wool helmet cap,6
Suit vest,6
Short sleeve jacket,6
Sheepskin coat,6
Indoor sports clothing,6
Cycling pants,6
Hood dress,6
Booties,6
Fringe top,6
Wrestler back tank top,6
Support belt,6
Lace body,6
Short sleeve nightgown,5
Wool duffle,5
Fur beanie,5
Squared pants,5
Sport socks,5
Padded slippers,5
Onesie dress,5
Swimming skirt,5
Babydoll,5
Technical pants,5
Suede leather jacket,5
Rodless socks,5
Suspender skirt,5
Sports underwear pants,5
First vests,5
Knitted jumpsuit,5
Golf skirt,5
Lined jeans,5
Maternity party dress,5
Winter outfit,5
Maternity tunic,5
Rain hat,5
Hood scarf,5
Pinstripe blazer,5
Autumn / Spring hat,5
Bow tie,5
Tie set,5
Merino wool pants,5
Motorcycle accessories,5
A-line skirt,5
Club slippers,5
Tennis skirt,5
Windfleece beanie,5
Maternity sweater,5
Velour skirt,5
Underwear set,5
Wool scarf,5
Light quilted outfit,5
Lined rain coverall,5
Denim blazer,5
Cycling shorts,4
Pinstripe vest,4
Shapely underwear,4
Hunting jacket,4
Frill skirt,4
Slit skirt,4
Rain mittens,4
Reversible sequin shirt,4
Windfleece jumpsuit,4
Maternity capris,4
Party jumpsuit,4
Shorts rompers,4
Viscose dress,4
Bracelet,4
Golf sweater,4
College jumpsuit,4
Duffle,4
Sequin sweater,4
Fluffy fleece shirt,4
Breastfeeding dress,4
Rain set,4
Lace vest,4
Ball skirt,4
Fluffy fleece jacket,4
Football shirt,4
Skiing outfit,4
Wetsuit,4
Knitted shorts,4
Teddy bear overalls,4
Shapely panties,4
Chiffon bolero,4
Shawl,4
Teddy-lined,4
Pocket square,4
Terry overalls,4
Mud coat,4
Cover jacket,4
Gymnastics clothing,4
Knitted overalls,4
Coverall set,4
Teddy bear costume,4
Terry pants,4
Elf costume,4
Work overalls,4
Support tights,4
Lined raincoat,4
Lightweight cotton pants,3
Garters,3
Warm-up suit,3
Sun hat,3
Camouflage uniform,3
Non-slip socks,3
Canvas,3
Sauna jacket,3
Maternity denim skirt,3
Long sleeve maternity shirt,3
Jersey set,3
Linen knit,3
Teddy bear beanie,3
Sleeveless rompers,3
Baseball jacket,3
Bathrobe poncho,3
Denim bib shorts,3
Silk knit,3
Snowmobile gear,3
Bermuda shorts,3
Maternity coat,3
Rain overalls,3
Fleece scarf,3
Faux leather skirt,3
Quilted mittens,3
Toe socks,3
Wool blend socks,3
2 in 1 winter coat,3
Princess skirt,3
Compression pants,3
Non-slip tights,3
Cargo jeans,3
Necklace,3
Ski gloves,3
Bear jumpsuit,3
Headwrap,3
Outdoor overalls,3
Medical scrub shirt,3
Merino wool underwear,3
Cufflinks,3
Pregnancy pants extension,3
Football shorts,3
Maternity tights,3
Shapely lingerie,3
Mask,3
Winter booties,3
Suede vest,3
Spring cap,3
Halloween dress,3
Dress with one shoulder strap,3
Norwegian sweater,3
Ring,3
Fleece skirt,3
Wool gloves,3
College tracksuit,3
Padded sleep bag,3
Softshell suit,3
Pot,3
Half gloves,3
Mud outfit,3
Costume set,3
Fur lined coat,3
Night tunic,3
Thermal suit,2
Football equipment,2
Bra pads,2
Compression stockings,2
Pieces jeans,2
Princess-live,2
Ballet skirt,2
Party scarf,2
Shoulder pads,2
Merino wool socks,2
Shoes,2
Fisherman hat,2
Combat boots,2
UV swimsuit,2
Outdoor blouse,2
Wrist watch,2
Heat suit,2
Frill shirt,2
Faux fur,2
Flower,2
Swimming cap,2
Bag pants,2
Loin cloth,2
Lined vest,2
Peplum blazer,2
Softshell outfit,2
Tennis dress,2
Velvet appeal,2
Swaddle,2
Shaping garment,2
Baby slippers,2
Terry shirt,2
Mittens set,2
Clothes,2
Terry dress,2
Hood towel,2
Canvas pants,2
Sports shirt,2
Silk jacket,2
Towel,2
Elf dress,2
Fringe jacket,2
Diaper pants,2
Reflector,2
Fur slippers,2
Cycling shirt,2
Fleece sleeping bag,2
Socks clips,2
Spats,2
Blousse,2
2 in 1 Mid-season jacket,2
Merino wool beanie,2
Wool booties,2
Clock,2
Slits learn,2
Scarf package,2
Fisherman cap,2
Cotton hat,2
A-line dress,2
Square scarf,2
Socks slippers,2
Silk skirt,2
Nursing tunic,2
Maternity panties,2
Tracksuit set,2
Viscose skirt,2
Party tights,2
Compression clothing,2
Sequin skirt,2
Ballerinas,2
Winter running tights,1
Suspender jeans,1
Work shoes,1
Gym gloves,1
Hat package,1
Sun cap,1
Mink fur,1
Maternity nightgown,1
Cargo skirt,1
Winter sneakers,1
Fleece lined jacket,1
Keychain,1
Felt boots,1
Swimming toy,1
Car,1
Stirrup pants,1
Hair jewelry,1
Two-piece swimsuit,1
Garter vest,1
Lucia costume,1
Loafers,1
Scarf hat,1
Warm-up shirt,1
Building,1
Lined rain mitts,1
Fancy dress,1
Ear muffs,1
Wig,1
Button decoration,1
Float vest,1
Baby knit,1
Basketball shorts,1
Diapers,1
Silk pants,1
Motorcycle shoes,1
Shoulder bag,1
Sports equipment,1
Body extensions,1
Snowboarding jacket,1
Goalie equipment,1
Party belt,1
Pipe collar,1
Merino wool clothing,1
Decoration,1
Hand warmers,1
Wool trousers,1
Court shoe,1
Peplum dress,1
Maternity party clothes,1
Hand net,1
Elf suit,1
Satin skirt,1
Short sleeve summer jacket,1
Fleece gloves,1
Insoles,1
Terry jacket,1
Football,1
Swaddle bag,1
Fleece neck warmer,1
Mini vest,1
Towel turban,1
Thermal onesie,1
Santa Claus costume,1
Satin duvet cover,1
Fleece underwear,1
Gym shoes,1
Toddler stockings,1
Microfleece pants,1
Weights,1
Cloth diaper,1
Hand warmer,1
Sports gloves,1
Compression shirt,1
Mantle,1
Walker,1
Sequin pants,1
Swimming diaper pants,1
Superhero costume,1
Thermal bag,1
Frill pants,1
Thong,1
Felt,1
Life vests,1
Denim bib skirt,1
2 in 1 -down jacket,1
Lined rain pants,1
Fake wrap dress,1
Key strap,1
Breastfeeding jewelry,1
Sequins decoration,1
Fur collar,1
Maternity nursing shirt,1
Merino wool dress,1
Fairy costume,1
Ankle support,1
Army pants,1
Silver jewelry,1
Fitness shirt,1
Yoga shirt,1
Terry socks,1
Maternity bump band,1
Little bag,1
Backpack,1
Back support,1
Cloth,1
Jumpsuit/sleeping bag,1
Clothing,1
Lace stockings,1
Windfleece pants,1
Suit bag,1
Chalk stripe suit,1
Cotton tank top,1
Flamenco dress,1
Hiking pants,1
Hunting vest,1
Breast gums,1
Wool base socks,1
Pinstripe skirt,1
Children's belt,1
Knitted hood,1
Bag,1
Base layer balaclava,1
Velvet shorts,1
Warm-up pants set,1
Protective shell,1
Rain cover,1
Maternity bathing suit,1
Flannel pants,1
Wrist protectors,1
Flexible belt,1
Protection,1
Seat cushion,1
Cloth bag,1
Terry shorts,1
Wool,1
Riding socks,1
Duvet,1
Suprafill,1
Karate outfit,1
Satin pants,1
Microfleece outfit,1
Riding jacket,1
Hairpiece,1
Patterned body,1
Wool leggings,1
Breastfeeding hoodie,1
Frilly socks pants,1
Disney,1
Frill leggings,1
